,Album,Album URL,Artist,Featured Artists,Lyrics,Media,Rank,Release Date,Song Title,Song URL,Writers,Year,Verbs,Nouns,Adverbs,Corpus,Word Counts,Unique Word Counts
10,Santo & Johnny,https://genius.com/albums/Santo-and-johnny/Santo-johnny,Santo and Johnny,[],(Instrumental),"[{'native_uri': 'spotify:track:0yK8sWD6cfrc7pGfaPIcZH', 'provider': 'spotify', 'type': 'audio', 'url': 'https://open.spotify.com/track/0yK8sWD6cfrc7pGfaPIcZH'}, {'provider': 'youtube', 'start': 0, 'type': 'video', 'url': 'http://www.youtube.com/watch?v=YBRCvVpknvg'}]",11,,Sleep Walk,https://genius.com/Santo-and-johnny-sleepwalk-lyrics,[],1959.0,,,, ,1,1
33,Teen Beat,https://genius.com/albums/Sandy-nelson/Teen-beat,Sandy Nelson,[],♫ [Instrumental] ♫,[],36,,Teen Beat,https://genius.com/Sandy-nelson-teen-beat-lyrics,[],1959.0,,,, ,3,2
52,Twang Thang: The Duane Eddy Anthology,https://genius.com/albums/Duane-eddy/Twang-thang-the-duane-eddy-anthology,Duane Eddy,[],♫ [Instrumental] ♫,[],58,,Forty Miles Of Bad Road,https://genius.com/Duane-eddy-forty-miles-of-bad-road-lyrics,[],1959.0,,,, ,3,2
114,"Walk, Don’t Run",https://genius.com/albums/The-ventures/Walk-dont-run,Ventures,[],[Instrumental],"[{'provider': 'youtube', 'start': 0, 'type': 'video', 'url': 'http://www.youtube.com/watch?v=WW21rcHiVU0'}]",25,1960-12-05,"Walk, Dont Run",https://genius.com/The-ventures-walk-dont-run-lyrics,"[{'api_path': '/artists/960589', 'header_image_url': 'https://assets.genius.com/images/default_avatar_300.png?1582151316', 'id': 960589, 'image_url': 'https://assets.genius.com/images/default_avatar_300.png?1582151316', 'is_meme_verified': False, 'is_verified': False, 'name': 'Johnny Smith', 'url': 'https://genius.com/artists/Johnny-smith'}]",1960.0,,,, ,1,1
126,Twang Thang: The Duane Eddy Anthology,https://genius.com/albums/Duane-eddy/Twang-thang-the-duane-eddy-anthology,Duane Eddy,[],[Instrumental],"[{'provider': 'youtube', 'start': 0, 'type': 'video', 'url': 'http://www.youtube.com/watch?v=TjUfLETCz3Q'}]",37,,Because They're Young,https://genius.com/Duane-eddy-because-theyre-young-lyrics,"[{'api_path': '/artists/657902', 'header_image_url': 'https://images.genius.com/40dcb5deed627b4db85156b1d15fc486.185x185x1.jpg', 'id': 657902, 'image_url': 'https://images.genius.com/40dcb5deed627b4db85156b1d15fc486.185x185x1.jpg', 'is_meme_verified': False, 'is_verified': False, 'name': 'Wally Gold', 'url': 'https://genius.com/artists/Wally-gold'}, {'api_path': '/artists/409445', 'header_image_url': 'https://images.genius.com/2c223b0c023422bae4297be2818d434a.190x294x1.jpg', 'id': 409445, 'image_url': 'https://images.genius.com/2c223b0c023422bae4297be2818d434a.190x294x1.jpg', 'is_meme_verified': False, 'is_verified': False, 'name': 'Don Costa', 'url': 'https://genius.com/artists/Don-costa'}, {'api_path': '/artists/368580', 'header_image_url': 'https://images.genius.com/33fad1faa4fef3a4605899e42fa642fc.220x220x1.jpg', 'id': 368580, 'image_url': 'https://images.genius.com/33fad1faa4fef3a4605899e42fa642fc.220x220x1.jpg', 'is_meme_verified': False, 'is_verified': False, 'name': 'Aaron Schroeder', 'url': 'https://genius.com/artists/Aaron-schroeder'}]",1960.0,,,, ,1,1
195,Last Night!,https://genius.com/albums/The-mar-keys/Last-night,Mar-Keys,[],[Instrumental],"[{'provider': 'youtube', 'start': 0, 'type': 'video', 'url': 'http://www.youtube.com/watch?v=FX5T9GvSnbY'}]",15,,Last Night,https://genius.com/The-mar-keys-last-night-lyrics,"[{'api_path': '/artists/384288', 'header_image_url': 'https://images.genius.com/a3966fd4aae58201086da6f7d5e20881.225x225x1.jpg', 'id': 384288, 'image_url': 'https://images.genius.com/a3966fd4aae58201086da6f7d5e20881.225x225x1.jpg', 'is_meme_verified': False, 'is_verified': False, 'name': 'The Mar-Keys', 'url': 'https://genius.com/artists/The-mar-keys'}]",1961.0,,,, ,1,1
334,The Happy Organ,https://genius.com/albums/Dave-baby-cortez/The-happy-organ,"Dave ""Baby"" Cortez",[],♫ [Instrumental] ♫,[],59,,Rinky Dink,https://genius.com/Dave-baby-cortez-rinky-dink-lyrics,[],1962.0,,,, ,3,2
398,Pipeline,https://genius.com/albums/The-chantays/Pipeline,Chantays,[],[Instrumental],[],27,,Pipeline,https://genius.com/The-chantays-pipeline-lyrics,"[{'api_path': '/artists/1481190', 'header_image_url': 'https://images.genius.com/dd1b6b7104be60322667059b858eb22d.228x228x1.jpg', 'id': 1481190, 'image_url': 'https://images.genius.com/dd1b6b7104be60322667059b858eb22d.228x228x1.jpg', 'is_meme_verified': False, 'is_verified': False, 'name': 'Bob Spickard', 'url': 'https://genius.com/artists/Bob-spickard'}, {'api_path': '/artists/1481191', 'header_image_url': 'https://images.genius.com/3fd2ceeaa8bb311b4130e9e91b0cd941.271x271x1.jpg', 'id': 1481191, 'image_url': 'https://images.genius.com/3fd2ceeaa8bb311b4130e9e91b0cd941.271x271x1.jpg', 'is_meme_verified': False, 'is_verified': False, 'name': 'Brian Carman', 'url': 'https://genius.com/artists/Brian-carman'}]",1963.0,,,, ,1,1
527,Out of Limits,https://genius.com/albums/The-marketts/Out-of-limits,Marketts,[],[Instrumental],"[{'provider': 'youtube', 'start': 0, 'type': 'video', 'url': 'http://www.youtube.com/watch?v=ZXyeb8ND89M'}]",60,,Out Of Limits,https://genius.com/The-marketts-out-of-limits-lyrics,[],1964.0,,,, ,1,1
583,The In Crowd,https://genius.com/albums/The-ramsey-lewis-trio/The-in-crowd,Ramsey Lewis Trio,[],[Instrumental],"[{'provider': 'youtube', 'start': 0, 'type': 'video', 'url': 'http://www.youtube.com/watch?v=tAImAVZ2ZRU'}]",18,,"The ""In"" Crowd",https://genius.com/The-ramsey-lewis-trio-the-in-crowd-lyrics,"[{'api_path': '/artists/661987', 'header_image_url': 'https://assets.genius.com/images/default_avatar_300.png?1582236495', 'id': 661987, 'image_url': 'https://assets.genius.com/images/default_avatar_300.png?1582236495', 'is_meme_verified': False, 'is_verified': False, 'name': 'Billy Page', 'url': 'https://genius.com/artists/Billy-page'}]",1965.0,,,, ,1,1
874,The Promise of a Future,https://genius.com/albums/Hugh-masekela/The-promise-of-a-future,Hugh Masekela,[],[Instrumental],[],18,,Grazing In The Grass,https://genius.com/Hugh-masekela-grazing-in-the-grass-lyrics,"[{'api_path': '/artists/365673', 'header_image_url': 'https://images.genius.com/9a45077438a9c862077497c1b73f5f05.500x536x1.jpg', 'id': 365673, 'image_url': 'https://images.genius.com/002547197fd8cf63aceb4969eb207441.500x500x1.jpg', 'is_meme_verified': False, 'is_verified': False, 'name': 'Hugh Masekela', 'url': 'https://genius.com/artists/Hugh-masekela'}, {'api_path': '/artists/1195689', 'header_image_url': 'https://assets.genius.com/images/default_avatar_300.png?1582236495', 'id': 1195689, 'image_url': 'https://assets.genius.com/images/default_avatar_300.png?1582236495', 'is_meme_verified': False, 'is_verified': False, 'name': 'Harry Elston', 'url': 'https://genius.com/artists/Harry-elston'}, {'api_path': '/artists/1195688', 'header_image_url': 'https://assets.genius.com/images/default_avatar_300.png?1582236495', 'id': 1195688, 'image_url': 'https://assets.genius.com/images/default_avatar_300.png?1582236495', 'is_meme_verified': False, 'is_verified': False, 'name': 'Philemon Hou', 'url': 'https://genius.com/artists/Philemon-hou'}]",1968.0,,,, ,1,1
898,The Mason Williams Phonograph Record,https://genius.com/albums/Mason-williams/The-mason-williams-phonograph-record,Mason Williams,[],[Instrumental],[],43,,Classical Gas,https://genius.com/Mason-williams-classical-gas-lyrics,"[{'api_path': '/artists/386721', 'header_image_url': 'https://assets.genius.com/images/default_avatar_300.png?1582236495', 'id': 386721, 'image_url': 'https://assets.genius.com/images/default_avatar_300.png?1582236495', 'is_meme_verified': False, 'is_verified': False, 'name': 'Mason Williams', 'url': 'https://genius.com/artists/Mason-williams'}]",1968.0,,,, ,1,1
1012,"The Complete Stax/Volt Soul Singles, Vol. 2: 1968-1971",https://genius.com/albums/Various-artists/The-complete-stax-volt-soul-singles-vol-2-1968-1971,Booker T and The MG's,[],[Instrumental],[],63,,Time Is Tight,https://genius.com/Booker-t-and-the-mgs-time-is-tight-single-version-lyrics,"[{'api_path': '/artists/59302', 'header_image_url': 'https://images.genius.com/b0c95d3515d91e00711761a36e9da54e.450x450x1.jpg', 'id': 59302, 'image_url': 'https://images.genius.com/b0c95d3515d91e00711761a36e9da54e.450x450x1.jpg', 'is_meme_verified': False, 'is_verified': False, 'name': 'Steve Cropper', 'url': 'https://genius.com/artists/Steve-cropper'}, {'api_path': '/artists/643723', 'header_image_url': 'https://images.genius.com/7f3b8132dbff2dccb88d5289189cfa6b.876x1000x1.jpg', 'id': 643723, 'image_url': 'https://images.genius.com/7f3b8132dbff2dccb88d5289189cfa6b.876x1000x1.jpg', 'is_meme_verified': False, 'is_verified': False, 'name': 'Donald “Duck” Dunn', 'url': 'https://genius.com/artists/Donald-duck-dunn'}, {'api_path': '/artists/560196', 'header_image_url': 'https://images.genius.com/25d37dcc2a67ed1663ef9b677e9a7cee.630x787x1.jpg', 'id': 560196, 'image_url': 'https://images.genius.com/25d37dcc2a67ed1663ef9b677e9a7cee.630x787x1.jpg', 'is_meme_verified': False, 'is_verified': False, 'name': 'Al Jackson Jr.', 'url': 'https://genius.com/artists/Al-jackson-jr'}]",1969.0,,,, ,1,1
1258,Hot Butter,https://genius.com/albums/Hot-butter/Hot-butter,Hot Butter,[],[Instrumental],"[{'native_uri': 'spotify:track:6Z5wWOqBfk4G3bP1KF2Vbj', 'provider': 'spotify', 'type': 'audio', 'url': 'https://open.spotify.com/track/6Z5wWOqBfk4G3bP1KF2Vbj'}, {'provider': 'youtube', 'start': 0, 'type': 'video', 'url': 'http://www.youtube.com/watch?v=DBYjZTdrJlA'}]",28,,Popcorn,https://genius.com/Hot-butter-popcorn-lyrics,"[{'api_path': '/artists/460002', 'header_image_url': 'https://images.genius.com/93774a3422fa08b5122d6f15b610efa3.600x600x1.jpg', 'id': 460002, 'image_url': 'https://images.genius.com/93774a3422fa08b5122d6f15b610efa3.600x600x1.jpg', 'is_meme_verified': False, 'is_verified': False, 'name': 'Gershon Kingsley', 'url': 'https://genius.com/artists/Gershon-kingsley'}]",1972.0,,,, ,1,1
1300,Joy,https://genius.com/albums/Apollo-100/Joy,Apollo 100,[],[Instrumental],[],71,,Joy,https://genius.com/Apollo-100-joy-lyrics,"[{'api_path': '/artists/349574', 'header_image_url': 'https://images.genius.com/030b79bd0f04d7f4611ca9af40c18000.480x591x1.jpg', 'id': 349574, 'image_url': 'https://images.genius.com/030b79bd0f04d7f4611ca9af40c18000.480x591x1.jpg', 'is_meme_verified': False, 'is_verified': False, 'name': 'Johann Sebastian Bach', 'url': 'https://genius.com/artists/Johann-sebastian-bach'}]",1972.0,,,, ,1,1
1343,They Only Come Out At Night,https://genius.com/albums/The-edgar-winter-group/They-only-come-out-at-night,Edgar Winter Group,[],[Instrumental],"[{'provider': 'youtube', 'start': 0, 'type': 'video', 'url': 'http://www.youtube.com/watch?v=65XSHM3jlAY'}]",16,1973-02-21,Frankenstein,https://genius.com/The-edgar-winter-group-frankenstein-lyrics,"[{'api_path': '/artists/30304', 'header_image_url': 'https://images.genius.com/fc6cb55e83da40defd4fddbde7815d7e.266x266x1.jpg', 'id': 30304, 'image_url': 'https://images.genius.com/fc6cb55e83da40defd4fddbde7815d7e.266x266x1.jpg', 'is_meme_verified': False, 'is_verified': False, 'name': 'Edgar Winter', 'url': 'https://genius.com/artists/Edgar-winter'}]",1973.0,,,, ,1,1
1428,Rhapsody in White,https://genius.com/albums/The-love-unlimited-orchestra/Rhapsody-in-white,Love Unlimited Orchestra,[],[Instrumental],"[{'provider': 'youtube', 'start': 0, 'type': 'video', 'url': 'http://www.youtube.com/watch?v=uPHmsEoLsL0'}]",3,1973-11-09,Love's Theme,https://genius.com/The-love-unlimited-orchestra-loves-theme-lyrics,"[{'api_path': '/artists/3719', 'header_image_url': 'https://images.genius.com/8137bd2e4bcb1d843dc287fb887c221c.1000x962x1.jpg', 'id': 3719, 'image_url': 'https://images.genius.com/1e97de0c57d484cdbd654d1e8cc3fa13.825x825x1.jpg', 'is_meme_verified': False, 'is_verified': False, 'name': 'Barry White', 'url': 'https://genius.com/artists/Barry-white'}]",1974.0,,,, ,1,1
1629,Saturday Night Fever: The Original Movie Sound Track,https://genius.com/albums/Various-artists/Saturday-night-fever-the-original-movie-sound-track,Walter Murphy and The Big Apple Band,"[{'api_path': '/artists/557048', 'header_image_url': 'https://assets.genius.com/images/default_avatar_300.png?1582236495', 'id': 557048, 'image_url': 'https://assets.genius.com/images/default_avatar_300.png?1582236495', 'is_meme_verified': False, 'is_verified': False, 'name': 'The Big Apple Band', 'url': 'https://genius.com/artists/The-big-apple-band'}]",[Instrumental],"[{'provider': 'youtube', 'start': 0, 'type': 'video', 'url': 'http://www.youtube.com/watch?v=0ouMaLRth-s'}]",10,1976-05-29,A Fifth Of Beethoven,https://genius.com/Walter-murphy-a-fifth-of-beethoven-lyrics,"[{'api_path': '/artists/32341', 'header_image_url': 'https://images.genius.com/1fcc0c75f8b6452654446f6acde9db75.225x225x1.jpg', 'id': 32341, 'image_url': 'https://images.genius.com/1fcc0c75f8b6452654446f6acde9db75.225x225x1.jpg', 'is_meme_verified': False, 'is_verified': False, 'name': 'Walter Murphy', 'url': 'https://genius.com/artists/Walter-murphy'}, {'api_path': '/artists/2220', 'header_image_url': 'https://images.genius.com/df91974beee31a4545c69408159aa266.832x1000x1.jpg', 'id': 2220, 'image_url': 'https://images.genius.com/df91974beee31a4545c69408159aa266.832x1000x1.jpg', 'is_meme_verified': False, 'is_verified': False, 'name': 'Ludwig van Beethoven', 'url': 'https://genius.com/artists/Ludwig-van-beethoven'}]",1976.0,,,, ,1,1
1648,Disco-Fied,https://genius.com/albums/Rhythm-heritage/Disco-fied,Rhythm Heritage,[],[Instrumental],"[{'provider': 'youtube', 'start': 0, 'type': 'video', 'url': 'http://www.youtube.com/watch?v=vwsaSP80Q8E'}]",29,,"Theme From ""S.W.A.T""",https://genius.com/Rhythm-heritage-theme-from-swat-lyrics,[],1976.0,,,, ,1,1
1787,,,Meco,[],[Instrumental],[],71,,Star Wars Theme-Cantina Band,https://genius.com/Meco-star-wars-theme-cantina-band-lyrics,"[{'api_path': '/artists/55741', 'header_image_url': 'https://images.genius.com/dccd6f9752c50eb46090ab140b669c97.900x732x1.jpg', 'id': 55741, 'image_url': 'https://images.genius.com/d2fe0c89258a5a649ec3b73378564305.491x491x1.jpg', 'is_meme_verified': False, 'is_verified': False, 'name': 'John Williams', 'url': 'https://genius.com/artists/John-williams'}]",1977.0,,,, ,1,1
1835,Feels So Good,https://genius.com/albums/Chuck-mangione/Feels-so-good,Chuck Mangione,[],[Instrumental],[],21,,Feels So Good,https://genius.com/Chuck-mangione-feels-so-good-lyrics,"[{'api_path': '/artists/379204', 'header_image_url': 'https://images.genius.com/0ddc3ee2af11f6b5fda526bb080d4f0f.954x643x1.jpg', 'id': 379204, 'image_url': 'https://images.genius.com/74a02adc6d7bf219f02e3f7b726a1d07.700x700x1.jpg', 'is_meme_verified': False, 'is_verified': False, 'name': 'Chuck Mangione', 'url': 'https://genius.com/artists/Chuck-mangione'}]",1978.0,,,, ,1,1
1961,Music Box Dancer,https://genius.com/albums/Frank-mills/Music-box-dancer,Frank Mills,[],[Instrumental],"[{'provider': 'youtube', 'start': 0, 'type': 'video', 'url': 'http://www.youtube.com/watch?v=Qwa0c8VO71s'}]",49,,Music Box Dancer,https://genius.com/Frank-mills-music-box-dancer-lyrics,"[{'api_path': '/artists/355085', 'header_image_url': 'https://images.genius.com/4037b048c3d9211ade11978b5734dc51.505x505x1.jpg', 'id': 355085, 'image_url': 'https://images.genius.com/4037b048c3d9211ade11978b5734dc51.505x505x1.jpg', 'is_meme_verified': False, 'is_verified': False, 'name': 'Frank Mills', 'url': 'https://genius.com/artists/Frank-mills'}]",1979.0,,,, ,1,1
1991,Rise,https://genius.com/albums/Herb-alpert/Rise,Herb Alpert,[],[Instrumental],"[{'provider': 'youtube', 'start': 0, 'type': 'video', 'url': 'http://www.youtube.com/watch?v=q7O3eYJptTc'}]",80,,Rise,https://genius.com/Herb-alpert-rise-lyrics,"[{'api_path': '/artists/1432799', 'header_image_url': 'https://assets.genius.com/images/default_avatar_300.png?1582236495', 'id': 1432799, 'image_url': 'https://assets.genius.com/images/default_avatar_300.png?1582236495', 'is_meme_verified': False, 'is_verified': False, 'name': 'Randy Badazz', 'url': 'https://genius.com/artists/Randy-badazz'}, {'api_path': '/artists/418930', 'header_image_url': 'https://assets.genius.com/images/default_avatar_300.png?1582236495', 'id': 418930, 'image_url': 'https://assets.genius.com/images/default_avatar_300.png?1582236495', 'is_meme_verified': False, 'is_verified': False, 'name': 'Andy Armer', 'url': 'https://genius.com/artists/Andy-armer'}]",1979.0,,,, ,1,1
2062,Rise,https://genius.com/albums/Herb-alpert/Rise,Herb Alpert,[],[Instrumental],"[{'provider': 'youtube', 'start': 0, 'type': 'video', 'url': 'http://www.youtube.com/watch?v=q7O3eYJptTc'}]",54,,Rise,https://genius.com/Herb-alpert-rise-lyrics,"[{'api_path': '/artists/1432799', 'header_image_url': 'https://assets.genius.com/images/default_avatar_300.png?1582236495', 'id': 1432799, 'image_url': 'https://assets.genius.com/images/default_avatar_300.png?1582236495', 'is_meme_verified': False, 'is_verified': False, 'name': 'Randy Badazz', 'url': 'https://genius.com/artists/Randy-badazz'}, {'api_path': '/artists/418930', 'header_image_url': 'https://assets.genius.com/images/default_avatar_300.png?1582236495', 'id': 418930, 'image_url': 'https://assets.genius.com/images/default_avatar_300.png?1582236495', 'is_meme_verified': False, 'is_verified': False, 'name': 'Andy Armer', 'url': 'https://genius.com/artists/Andy-armer'}]",1980.0,,,, ,1,1
2558,Beverly Hills Cop: Music From The Motion Picture Soundtrack ,https://genius.com/albums/Various-artists/Beverly-hills-cop-music-from-the-motion-picture-soundtrack,Harold Faltermeyer,[],(instrumental),"[{'provider': 'youtube', 'start': 0, 'type': 'video', 'url': 'http://www.youtube.com/watch?v=Qx2gvHjNhQ0'}]",61,1984-12-05,Axel F,https://genius.com/Harold-faltermeyer-axel-f-lyrics,"[{'api_path': '/artists/341899', 'header_image_url': 'https://images.genius.com/d10cfd8355a3cb5942752df908ea74a9.352x352x1.jpg', 'id': 341899, 'image_url': 'https://images.genius.com/d10cfd8355a3cb5942752df908ea74a9.352x352x1.jpg', 'is_meme_verified': False, 'is_verified': False, 'name': 'Harold Faltermeyer', 'url': 'https://genius.com/artists/Harold-faltermeyer'}]",1985.0,,,, ,1,1
3639,Dreamland,https://genius.com/albums/Robert-miles/Dreamland,Robert Miles,[],[Instrumental],"[{'provider': 'youtube', 'start': 0, 'type': 'video', 'url': 'http://www.youtube.com/watch?v=zI7DferroGA'}]",65,,Children,https://genius.com/Robert-miles-children-lyrics,"[{'api_path': '/artists/1309829', 'header_image_url': 'https://assets.genius.com/images/default_avatar_300.png?1582236495', 'id': 1309829, 'image_url': 'https://assets.genius.com/images/default_avatar_300.png?1582236495', 'is_meme_verified': False, 'is_verified': False, 'name': 'Roberto Concina', 'url': 'https://genius.com/artists/Roberto-concina'}]",1996.0,,,, ,1,1
191,,,Lawrence Welk,[],Instrumental,[],11,,Calcutta,https://genius.com/Lawrence-welk-calcutta-lyrics,[],1961.0,,,,Instrumental,1,1
271,Take Five,https://genius.com/albums/Dave-brubeck/Take-five,Dave Brubeck,[],Instrumental,"[{'provider': 'youtube', 'start': 0, 'type': 'video', 'url': 'http://www.youtube.com/watch?v=PHdU5sHigYQ'}]",95,,Take Five,https://genius.com/Dave-brubeck-take-five-lyrics,[],1961.0,,,,Instrumental,1,1
280,,,David Rose,[],Instrumental,"[{'provider': 'youtube', 'start': 0, 'type': 'video', 'url': 'http://www.youtube.com/watch?v=5bLX06yR3wY'}]",5,1962-05-01,The Stripper,https://genius.com/David-rose-the-stripper-lyrics,"[{'api_path': '/artists/1540440', 'header_image_url': 'https://images.genius.com/f232118b8acdb30b4d12d8763f1091ef.280x280x1.jpg', 'id': 1540440, 'image_url': 'https://images.genius.com/f232118b8acdb30b4d12d8763f1091ef.280x280x1.jpg', 'is_meme_verified': False, 'is_verified': False, 'name': 'David Rose', 'url': 'https://genius.com/artists/David-rose'}]",1962.0,,,,Instrumental,1,1
365,Soul Serenade,https://genius.com/albums/King-curtis/Soul-serenade,King Curtis,[],Instrumental,[],92,,Soul Twist,https://genius.com/King-curtis-soul-twist-lyrics,[],1962.0,,,,Instrumental,1,1
479,Honey in the Horn,https://genius.com/albums/Al-hirt/Honey-in-the-horn,Al Hirt,[],Instrumental,[],12,,Java,https://genius.com/Al-hirt-java-lyrics,[],1964.0,,,,Instrumental,1,1
1037,Soul Limbo,https://genius.com/albums/Booker-t-and-the-mgs/Soul-limbo,Booker T and The MG's,[],Instrumental,"[{'provider': 'youtube', 'start': 0, 'type': 'video', 'url': 'http://www.youtube.com/watch?v=3hYizCnBmqU'}]",90,,Hang 'Em High,https://genius.com/Booker-t-and-the-mgs-hang-em-high-lyrics,"[{'api_path': '/artists/1295425', 'header_image_url': 'https://assets.genius.com/images/default_avatar_300.png?1582236495', 'id': 1295425, 'image_url': 'https://assets.genius.com/images/default_avatar_300.png?1582236495', 'is_meme_verified': False, 'is_verified': False, 'name': 'Dominic Frontiere', 'url': 'https://genius.com/artists/Dominic-frontiere'}]",1969.0,,,,Instrumental,1,1
1252,I Wrote a Simple Song,https://genius.com/albums/Billy-preston/I-wrote-a-simple-song,Billy Preston,[],Instrumental,"[{'provider': 'youtube', 'start': 0, 'type': 'video', 'url': 'http://www.youtube.com/watch?v=7WK6rB9GHC4'}]",22,,Outa-Space,https://genius.com/Billy-preston-outa-space-lyrics,"[{'api_path': '/artists/998232', 'header_image_url': 'https://assets.genius.com/images/default_avatar_300.png?1582236495', 'id': 998232, 'image_url': 'https://assets.genius.com/images/default_avatar_300.png?1582236495', 'is_meme_verified': False, 'is_verified': False, 'name': 'Joe Greene', 'url': 'https://genius.com/artists/Joe-greene'}, {'api_path': '/artists/66180', 'header_image_url': 'https://images.genius.com/3339f3674e26fc2b49e8da412ee619ce.200x200x1.jpg', 'id': 66180, 'image_url': 'https://images.genius.com/8a57e5723668ad481d025d8e87e69ddc.200x200x1.jpg', 'is_meme_verified': False, 'is_verified': False, 'name': 'Billy Preston', 'url': 'https://genius.com/artists/Billy-preston'}]",1972.0,,,,Instrumental,1,1
1607,"Tube Tunes, Volume One: The 70's",https://genius.com/albums/Various-artists/Tube-tunes-volume-one-the-70-s,Mike Post,[],Instrumental,"[{'provider': 'youtube', 'start': 0, 'type': 'video', 'url': 'http://www.youtube.com/watch?v=yg1Cx26-928'}]",85,,The Rockford Files,https://genius.com/Mike-post-the-rockford-files-theme-song-lyrics,"[{'api_path': '/artists/68440', 'header_image_url': 'https://images.genius.com/3104b3973c7d3ed76f09c8e31f62f358.242x300x1.jpg', 'id': 68440, 'image_url': 'https://images.genius.com/3104b3973c7d3ed76f09c8e31f62f358.242x300x1.jpg', 'is_meme_verified': False, 'is_verified': False, 'name': 'Mike Post', 'url': 'https://genius.com/artists/Mike-post'}]",1975.0,,,,Instrumental,1,1
2259,Hooked on Classics,https://genius.com/albums/Royal-philharmonic-orchestra/Hooked-on-classics,Royal Philharmonic Orchestra,"[{'api_path': '/artists/525337', 'header_image_url': 'https://images.genius.com/6b21f899171626d81e9110a51965b052.1000x1000x1.png', 'id': 525337, 'image_url': 'https://images.genius.com/6b21f899171626d81e9110a51965b052.1000x1000x1.png', 'is_meme_verified': False, 'is_verified': False, 'name': 'Louis Clark', 'url': 'https://genius.com/artists/Louis-clark'}]",Instrumental,[],56,,Hooked On Classics,https://genius.com/Royal-philharmonic-orchestra-hooked-on-classics-parts-1-and-2-lyrics,[],1982.0,,,,Instrumental,1,1
2751,Duotones,https://genius.com/albums/Kenny-g/Duotones,Kenny G,[],Instrumental,"[{'provider': 'youtube', 'start': 0, 'type': 'video', 'url': 'http://www.youtube.com/watch?v=QN2RnjFHmNY'}]",55,1987-03-12,Songbird,https://genius.com/Kenny-g-songbird-lyrics,"[{'api_path': '/artists/23708', 'header_image_url': 'https://images.genius.com/fcad38626f617c14aae734b6ab6ceac2.837x837x1.jpg', 'id': 23708, 'image_url': 'https://images.genius.com/fcad38626f617c14aae734b6ab6ceac2.837x837x1.jpg', 'is_meme_verified': False, 'is_verified': False, 'name': 'Kenny G', 'url': 'https://genius.com/artists/Kenny-g'}]",1987.0,,,,Instrumental,1,1
3360,Breathless,https://genius.com/albums/Kenny-g/Breathless,Kenny G,[],Instrumental,[],73,,Forever In Love,https://genius.com/Kenny-g-forever-in-love-lyrics,[],1993.0,,,,Instrumental,1,1
3683,,,Hanson,[],Instrumental,[],12,,MMMBop,https://genius.com/Vitamin-string-quartet-mmmbop-string-quartet-tribute-to-hanson-lyrics,[],1997.0,,,,Instrumental,1,1
357,,,Billy Vaughn,[],INSTRUMENTAL,[],83,,A Swingin' Safari,https://genius.com/Billy-vaughn-a-swingin-safari-lyrics,[],1962.0,,,,INSTRUMENTAL,1,1
208,On The Rebound,https://genius.com/albums/Floyd-cramer/On-the-rebound,Floyd Cramer,[],♫ [Instrumental] ♫ 1961; US #3; UK #1,[],29,,On The Rebound,https://genius.com/Floyd-cramer-on-the-rebound-lyrics,[],1961.0,,♫ #,, 1961 3 UK 1,8,7
174,,,Johnny and The Hurricanes,[],Pd... ®1960; Us Ht#25 ...Pd Pd... {♫ Instrum ♫} ...Pd ...Pd...,[],90,,Beatnik Fly,https://genius.com/Johnny-and-the-hurricanes-beatnik-fly-lyrics,[],1960.0,Ht#25,pd ® pd ♫ pd pd,,pd 1960 Ht 25 Pd pd instrum pd pd ,11,9
1504,,,Mike Oldfield,[],"Spoken: Grand piano Reed and pipe organ Glockenspiel Bass guitar Double-speed guitar Two slightly distorted guitars Mandolin Spanish guitar and introducing acoustic guitar Plus, tubular bells",[],79,,Tubular Bells,https://genius.com/Mike-oldfield-tubular-bells-lyrics,[],1974.0,speak distort guitar introduce,piano pipe organ guitar speed guitar guitar guitar bell,slightly,speak grand piano Reed pipe organ Glockenspiel Bass guitar double speed guitar slightly distort guitar Mandolin spanish guitar introduce acoustic guitar plus tubular bell,26,22
328,Green Onions,https://genius.com/albums/Booker-t-and-the-mgs/Green-onions,Booker T and The MG's,[],Instrumental in four parts:  Steve Cropper – lead guitar Booker T. Jones – Hammond M3 organ Lewie Steinberg – bass guitar Al Jackson Jr. – drums,"[{'provider': 'youtube', 'start': 0, 'type': 'video', 'url': 'http://www.youtube.com/watch?v=_bpS-cOBK6Q'}]",53,1962-09-01,Green Onions,https://genius.com/Booker-t-and-the-mgs-green-onions-lyrics,"[{'api_path': '/artists/560196', 'header_image_url': 'https://images.genius.com/25d37dcc2a67ed1663ef9b677e9a7cee.630x787x1.jpg', 'id': 560196, 'image_url': 'https://images.genius.com/25d37dcc2a67ed1663ef9b677e9a7cee.630x787x1.jpg', 'is_meme_verified': False, 'is_verified': False, 'name': 'Al Jackson Jr.', 'url': 'https://genius.com/artists/Al-jackson-jr'}, {'api_path': '/artists/1006546', 'header_image_url': 'https://images.genius.com/359793f1e45dca657319f8e8eb338d45.326x326x1.jpg', 'id': 1006546, 'image_url': 'https://images.genius.com/359793f1e45dca657319f8e8eb338d45.326x326x1.jpg', 'is_meme_verified': False, 'is_verified': False, 'name': 'Lewie Steinberg', 'url': 'https://genius.com/artists/Lewie-steinberg'}, {'api_path': '/artists/138586', 'header_image_url': 'https://images.genius.com/754d5234e104125a1c92dd4e7deac5cd.1000x508x1.jpg', 'id': 138586, 'image_url': 'https://images.genius.com/e6e45ecbf0d734499838f4b080e46529.1000x1000x1.jpg', 'is_meme_verified': False, 'is_verified': False, 'name': 'Booker T. Jones', 'url': 'https://genius.com/artists/Booker-t-jones'}, {'api_path': '/artists/59302', 'header_image_url': 'https://images.genius.com/b0c95d3515d91e00711761a36e9da54e.450x450x1.jpg', 'id': 59302, 'image_url': 'https://images.genius.com/b0c95d3515d91e00711761a36e9da54e.450x450x1.jpg', 'is_meme_verified': False, 'is_verified': False, 'name': 'Steve Cropper', 'url': 'https://genius.com/artists/Steve-cropper'}]",1962.0,,part guitar m3 organ bass guitar drum,,instrumental part Steve Cropper lead guitar Booker T Jones Hammond m3 organ Lewie Steinberg bass guitar Al Jackson Jr drum,26,22
